timestamp_ms,score,rating
1609718400000.0,50.0,neutral
1609804800000.0,50.0,neutral
1609891200000.0,50.0,neutral
1609977600000.0,50.0,neutral
1610064000000.0,50.0,neutral
1610323200000.0,50.0,neutral
1610409600000.0,50.0,neutral
1610496000000.0,50.0,neutral
1610582400000.0,50.0,neutral
1610668800000.0,50.0,neutral
1611014400000.0,50.0,neutral
1611100800000.0,50.0,neutral
1611187200000.0,50.0,neutral
1611273600000.0,68.9,greed
1611532800000.0,69.7,greed
1611619200000.0,67.4,greed
1611705600000.0,28.200000000000003,fear
1611792000000.0,52.900000000000006,neutral
1611878400000.0,40.966666666666676,fear
1612137600000.0,43.400000000000006,fear
1612224000000.0,60.46666666666667,greed
1612310400000.0,59.199999999999996,greed
1612396800000.0,61.06666666666667,greed
1612483200000.0,68.0,greed
1612742400000.0,72.86666666666667,greed
1612828800000.0,75.4,extreme greed
1612915200000.0,75.26666666666667,extreme greed
1613001600000.0,76.0,extreme greed
1613088000000.0,77.66666666666667,extreme greed
1613433600000.0,73.93333333333334,greed
1613520000000.0,70.2,greed
1613606400000.0,62.53333333333334,greed
1613692800000.0,56.239999999999995,greed
1613952000000.0,52.48,neutral
1614038400000.0,50.56,neutral
1614124800000.0,63.8,greed
1614211200000.0,46.160000000000004,neutral
1614297600000.0,53.52,neutral
1614556800000.0,58.52,greed
1614643200000.0,50.32000000000001,neutral
1614729600000.0,43.84,fear
1614816000000.0,37.8,fear
1614902400000.0,41.52,fear
1615161600000.0,39.08,fear
1615248000000.0,43.36,fear
1615334400000.0,45.56,neutral
1615420800000.0,50.480000000000004,neutral
1615507200000.0,53.720000000000006,neutral
1615766400000.0,56.52,greed
1615852800000.0,54.8,neutral
1615939200000.0,57.86666666666667,greed
1616025600000.0,52.333333333333336,neutral
1616112000000.0,50.833333333333336,neutral
1616371200000.0,50.699999999999996,neutral
1616457600000.0,41.800000000000004,fear
1616544000000.0,37.66666666666667,fear
1616630400000.0,37.833333333333336,fear
1616716800000.0,37.56666666666667,fear
1616976000000.0,39.56666666666667,fear
1617062400000.0,42.03333333333334,fear
1617148800000.0,44.56666666666667,fear
1617235200000.0,46.400000000000006,neutral
1617580800000.0,54.56666666666667,neutral
1617667200000.0,53.5,neutral
1617753600000.0,52.53333333333333,neutral
1617840000000.0,48.099999999999994,neutral
1617926400000.0,47.5,neutral
1618185600000.0,43.43333333333334,fear
1618272000000.0,43.63333333333333,fear
1618358400000.0,39.96666666666667,fear
1618444800000.0,47.16666666666668,neutral
1618531200000.0,51.300000000000004,neutral
1618790400000.0,45.26666666666667,neutral
1618876800000.0,42.866666666666674,fear
1618963200000.0,49.63333333333333,neutral
1619049600000.0,46.70000000000001,neutral
1619136000000.0,47.699999999999996,neutral
1619395200000.0,50.53333333333334,neutral
1619481600000.0,54.800000000000004,neutral
1619568000000.0,52.400000000000006,neutral
1619654400000.0,56.166666666666664,greed
1619740800000.0,46.53333333333333,neutral
1620000000000.0,47.56666666666667,neutral
1620086400000.0,43.46666666666667,fear
1620172800000.0,43.03333333333333,fear
1620259200000.0,43.93333333333334,fear
1620345600000.0,48.166666666666664,neutral
1620604800000.0,44.93333333333334,fear
1620691200000.0,42.03333333333334,fear
1620777600000.0,26.766666666666666,fear
1620864000000.0,34.433333333333344,fear
1620950400000.0,35.99999999999999,fear
1621209600000.0,36.36666666666667,fear
1621296000000.0,34.03333333333334,fear
1621382400000.0,32.333333333333336,fear
1621468800000.0,32.300000000000004,fear
1621555200000.0,29.433333333333334,fear
1621814400000.0,29.5,fear
1621900800000.0,26.66666666666667,fear
1621987200000.0,28.133333333333336,fear
1622073600000.0,30.3,fear
1622160000000.0,31.566666666666666,fear
1622505600000.0,35.4,fear
1622592000000.0,42.13333333333333,fear
1622678400000.0,40.800000000000004,fear
1622764800000.0,41.9,fear
1623024000000.0,44.46666666666667,fear
1623110400000.0,46.46666666666667,neutral
1623196800000.0,48.53333333333333,neutral
1623283200000.0,48.9,neutral
1623369600000.0,51.23333333333334,neutral
1623628800000.0,54.166666666666664,neutral
1623715200000.0,52.666666666666664,neutral
1623801600000.0,44.800000000000004,fear
1623888000000.0,42.03333333333334,fear
1623974400000.0,31.600000000000005,fear
1624233600000.0,32.46666666666666,fear
1624320000000.0,32.800000000000004,fear
1624406400000.0,33.26666666666667,fear
1624492800000.0,36.9,fear
1624579200000.0,41.63333333333333,fear
1624838400000.0,41.43333333333334,fear
1624924800000.0,39.833333333333336,fear
1625011200000.0,38.00000000000001,fear
1625097600000.0,38.666666666666664,fear
1625184000000.0,38.66666666666667,fear
1625529600000.0,33.300000000000004,fear
1625616000000.0,33.1,fear
1625702400000.0,26.96666666666667,fear
1625788800000.0,31.000000000000004,fear
1626048000000.0,31.7,fear
1626134400000.0,31.266666666666666,fear
1626220800000.0,29.533333333333335,fear
1626307200000.0,27.33333333333334,fear
1626393600000.0,26.900000000000002,fear
1626652800000.0,8.983333333333334,extreme fear
1626739200000.0,20.066666666666666,extreme fear
1626825600000.0,24.2,extreme fear
1626912000000.0,24.333333333333332,extreme fear
1626998400000.0,28.299999999999997,fear
1627257600000.0,30.900000000000002,fear
1627344000000.0,27.166666666666668,fear
1627430400000.0,27.46666666666667,fear
1627516800000.0,29.233333333333334,fear
1627603200000.0,25.76666666666667,fear
1627862400000.0,25.099999999999998,fear
1627948800000.0,29.533333333333335,fear
1628035200000.0,28.633333333333336,fear
1628121600000.0,29.633333333333336,fear
1628208000000.0,31.866666666666664,fear
1628467200000.0,32.06666666666667,fear
1628553600000.0,34.833333333333336,fear
1628640000000.0,37.93333333333334,fear
1628726400000.0,43.13333333333333,fear
1628812800000.0,47.13333333333333,neutral
1629072000000.0,44.866666666666674,fear
1629158400000.0,31.7,fear
1629244800000.0,18.2,extreme fear
1629331200000.0,14.883333333333335,extreme fear
1629417600000.0,23.86666666666667,extreme fear
1629676800000.0,30.433333333333334,fear
1629763200000.0,34.4,fear
1629849600000.0,36.03333333333333,fear
1629936000000.0,36.833333333333336,fear
1630022400000.0,47.46666666666667,neutral
1630281600000.0,47.86666666666667,neutral
1630368000000.0,47.23333333333333,neutral
1630454400000.0,43.13333333333333,fear
1630540800000.0,44.166666666666664,fear
1630627200000.0,44.06666666666666,fear
1630972800000.0,41.7,fear
1631059200000.0,38.56666666666667,fear
1631145600000.0,33.800000000000004,fear
1631232000000.0,20.600000000000005,extreme fear
1631491200000.0,28.266666666666666,fear
1631577600000.0,24.8,extreme fear
1631664000000.0,31.200000000000003,fear
1631750400000.0,31.500000000000004,fear
1631836800000.0,17.933333333333337,extreme fear
1632096000000.0,11.100000000000001,extreme fear
1632182400000.0,11.449999999999998,extreme fear
1632268800000.0,20.033333333333335,extreme fear
1632355200000.0,24.5,extreme fear
1632441600000.0,23.83333333333334,extreme fear
1632700800000.0,24.766666666666666,extreme fear
1632787200000.0,12.466666666666669,extreme fear
1632873600000.0,12.483333333333334,extreme fear
1632960000000.0,9.966666666666667,extreme fear
1633046400000.0,18.333333333333332,extreme fear
1633305600000.0,9.500000000000002,extreme fear
1633392000000.0,18.766666666666666,extreme fear
1633478400000.0,20.066666666666666,extreme fear
1633564800000.0,24.600000000000005,extreme fear
1633651200000.0,25.26666666666667,fear
1633910400000.0,25.900000000000002,fear
1633996800000.0,22.7,extreme fear
1634083200000.0,24.100000000000005,extreme fear
1634169600000.0,31.833333333333332,fear
1634256000000.0,43.63333333333333,fear
1634515200000.0,46.56666666666666,neutral
1634601600000.0,53.400000000000006,neutral
1634688000000.0,56.56666666666667,greed
1634774400000.0,60.199999999999996,greed
1634860800000.0,59.5,greed
1635120000000.0,62.96666666666667,greed
1635206400000.0,63.03333333333334,greed
1635292800000.0,58.333333333333336,greed
1635379200000.0,64.4,greed
1635465600000.0,65.43333333333334,greed
1635724800000.0,66.13333333333334,greed
1635811200000.0,68.26666666666667,greed
1635897600000.0,72.2,greed
1635984000000.0,72.43333333333334,greed
1636070400000.0,73.60000000000001,greed
1636329600000.0,74.53333333333335,greed
1636416000000.0,77.17142857142858,extreme greed
1636502400000.0,73.08571428571429,greed
1636588800000.0,72.22857142857143,greed
1636675200000.0,74.0,greed
1636934400000.0,71.62857142857145,greed
1637020800000.0,72.48571428571428,greed
1637107200000.0,69.2,greed
1637193600000.0,70.14285714285715,greed
1637280000000.0,62.77142857142859,greed
1637539200000.0,60.0,greed
1637625600000.0,60.371428571428574,greed
1637712000000.0,56.94285714285714,greed
1637884800000.0,31.25714285714286,fear
1638144000000.0,38.114285714285714,fear
1638230400000.0,24.771428571428572,extreme fear
1638316800000.0,25.357142857142858,fear
1638403200000.0,22.928571428571427,extreme fear
1638489600000.0,20.157142857142862,extreme fear
1638748800000.0,21.25714285714286,extreme fear
1638835200000.0,37.88571428571429,fear
1638921600000.0,41.314285714285724,fear
1639008000000.0,36.85714285714287,fear
1639094400000.0,42.0,fear
1639353600000.0,35.4,fear
1639440000000.0,31.542857142857144,fear
1639526400000.0,37.800000000000004,fear
1639612800000.0,33.57142857142858,fear
1639699200000.0,32.51428571428572,fear
1639958400000.0,29.428571428571427,fear
1640044800000.0,34.028571428571425,fear
1640131200000.0,39.542857142857144,fear
1640217600000.0,50.48571428571428,neutral
1640563200000.0,56.39999999999999,greed
1640649600000.0,62.971428571428575,greed
1640736000000.0,64.02857142857144,greed
1640822400000.0,63.97142857142858,greed
1640908800000.0,62.54285714285715,greed
1641168000000.0,65.22857142857144,greed
1641254400000.0,64.25714285714285,greed
1641340800000.0,51.02857142857143,neutral
1641427200000.0,52.142857142857146,neutral
1641513600000.0,49.25714285714287,neutral
1641772800000.0,51.142857142857146,neutral
1641859200000.0,56.114285714285714,greed
1641945600000.0,55.94285714285714,greed
1642032000000.0,52.17142857142857,neutral
1642118400000.0,55.800000000000004,greed
1642464000000.0,53.714285714285715,neutral
1642550400000.0,44.82857142857143,fear
1642636800000.0,39.142857142857146,fear
1642723200000.0,26.728571428571428,fear
1642982400000.0,23.128571428571433,extreme fear
1643068800000.0,20.88571428571429,extreme fear
1643155200000.0,19.514285714285716,extreme fear
1643241600000.0,18.6,extreme fear
1643328000000.0,23.857142857142858,extreme fear
1643587200000.0,29.200000000000006,fear
1643673600000.0,30.800000000000004,fear
1643760000000.0,28.800000000000004,fear
1643846400000.0,26.057142857142857,fear
1643932800000.0,27.6,fear
1644192000000.0,27.914285714285715,fear
1644278400000.0,28.942857142857143,fear
1644364800000.0,32.65714285714286,fear
1644451200000.0,33.6,fear
1644537600000.0,28.48571428571429,fear
1644796800000.0,25.685714285714287,fear
1644883200000.0,29.97142857142857,fear
1644969600000.0,32.08571428571428,fear
1645056000000.0,32.457142857142856,fear
1645142400000.0,29.514285714285716,fear
1645488000000.0,28.771428571428572,fear
1645574400000.0,18.814285714285713,extreme fear
1645660800000.0,21.228571428571428,extreme fear
1645747200000.0,28.142857142857142,fear
1646006400000.0,25.47142857142857,fear
1646092800000.0,22.97142857142857,extreme fear
1646179200000.0,17.82857142857143,extreme fear
1646265600000.0,21.72857142857143,extreme fear
1646352000000.0,18.17142857142857,extreme fear
1646611200000.0,16.9,extreme fear
1646697600000.0,16.67142857142857,extreme fear
1646784000000.0,18.028571428571432,extreme fear
1646870400000.0,17.95714285714286,extreme fear
1646956800000.0,19.057142857142857,extreme fear
1647216000000.0,17.5,extreme fear
1647302400000.0,21.857142857142858,extreme fear
1647388800000.0,25.25714285714286,fear
1647475200000.0,33.62857142857143,fear
1647561600000.0,38.42857142857143,fear
1647820800000.0,40.971428571428575,fear
1647907200000.0,44.542857142857144,fear
1647993600000.0,45.199999999999996,neutral
1648080000000.0,46.91428571428571,neutral
1648166400000.0,49.371428571428574,neutral
1648425600000.0,51.25714285714286,neutral
1648512000000.0,52.714285714285715,neutral
1648598400000.0,52.800000000000004,neutral
1648684800000.0,59.199999999999996,greed
1648771200000.0,59.800000000000004,greed
1649030400000.0,61.65714285714286,greed
1649116800000.0,47.91428571428571,neutral
1649203200000.0,46.4,neutral
1649289600000.0,46.82857142857142,neutral
1649376000000.0,46.08571428571429,neutral
1649635200000.0,43.4,fear
1649721600000.0,42.05714285714286,fear
1649808000000.0,41.800000000000004,fear
1649894400000.0,39.857142857142854,fear
1650240000000.0,37.6,fear
1650326400000.0,39.628571428571426,fear
1650412800000.0,43.31428571428571,fear
1650499200000.0,38.94285714285714,fear
1650585600000.0,31.62857142857143,fear
1650844800000.0,29.97142857142857,fear
1650931200000.0,17.900000000000002,extreme fear
1651017600000.0,16.271428571428572,extreme fear
1651104000000.0,24.25714285714286,extreme fear
1651190400000.0,14.328571428571427,extreme fear
1651449600000.0,13.27142857142857,extreme fear
1651536000000.0,30.485714285714288,fear
1651622400000.0,22.400000000000002,extreme fear
1651708800000.0,13.128571428571432,extreme fear
1651795200000.0,12.242857142857146,extreme fear
1652054400000.0,8.185714285714285,extreme fear
1652140800000.0,7.4,extreme fear
1652227200000.0,4.028571428571429,extreme fear
1652313600000.0,3.2,extreme fear
1652400000000.0,11.285714285714286,extreme fear
1652659200000.0,11.742857142857144,extreme fear
1652745600000.0,15.200000000000001,extreme fear
1652832000000.0,6.6000000000000005,extreme fear
1652918400000.0,13.714285714285714,extreme fear
1653004800000.0,12.657142857142858,extreme fear
1653264000000.0,17.885714285714283,extreme fear
1653350400000.0,16.0,extreme fear
1653436800000.0,17.571428571428573,extreme fear
1653523200000.0,24.114285714285717,extreme fear
1653609600000.0,29.542857142857144,fear
1653955200000.0,40.057142857142864,fear
1654041600000.0,40.60000000000001,fear
1654128000000.0,44.82857142857143,fear
1654214400000.0,35.45714285714286,fear
1654473600000.0,42.800000000000004,fear
1654560000000.0,45.62857142857143,neutral
1654646400000.0,48.11428571428571,neutral
1654732800000.0,47.05714285714286,neutral
1654819200000.0,40.00000000000001,fear
1655078400000.0,25.085714285714293,fear
1655164800000.0,20.528571428571432,extreme fear
1655251200000.0,29.25714285714286,fear
1655337600000.0,17.700000000000003,extreme fear
1655424000000.0,16.92857142857143,extreme fear
1655769600000.0,19.728571428571428,extreme fear
1655856000000.0,26.885714285714283,fear
1655942400000.0,26.742857142857144,fear
1656028800000.0,30.85714285714286,fear
1656288000000.0,30.771428571428572,fear
1656374400000.0,28.142857142857142,fear
1656460800000.0,26.542857142857144,fear
1656547200000.0,24.371428571428574,extreme fear
1656633600000.0,24.571428571428573,extreme fear
1656979200000.0,22.171428571428574,extreme fear
1657065600000.0,22.828571428571426,extreme fear
1657152000000.0,27.599999999999998,fear
1657238400000.0,31.342857142857145,fear
1657497600000.0,30.37142857142857,fear
1657584000000.0,30.314285714285713,fear
1657670400000.0,27.28571428571428,fear
1657756800000.0,26.514285714285716,fear
1657843200000.0,33.285714285714285,fear
1658102400000.0,35.885714285714286,fear
1658188800000.0,39.31428571428571,fear
1658275200000.0,44.08571428571429,fear
1658361600000.0,48.199999999999996,neutral
1658448000000.0,42.42857142857143,fear
1658707200000.0,42.2,fear
1658793600000.0,42.0,fear
1658880000000.0,46.628571428571426,neutral
1658966400000.0,48.48571428571429,neutral
1659052800000.0,52.4,neutral
1659312000000.0,59.08571428571429,greed
1659398400000.0,57.371428571428574,greed
1659484800000.0,60.25714285714286,greed
1659571200000.0,61.51428571428571,greed
1659657600000.0,63.314285714285724,greed
1659916800000.0,64.74285714285715,greed
1660003200000.0,64.45714285714286,greed
1660089600000.0,65.11428571428571,greed
1660176000000.0,65.82857142857144,greed
1660262400000.0,68.02857142857144,greed
1660521600000.0,66.82857142857144,greed
1660608000000.0,67.94285714285715,greed
1660694400000.0,67.14285714285715,greed
1660780800000.0,66.37142857142858,greed
1660867200000.0,63.714285714285715,greed
1661126400000.0,60.314285714285724,greed
1661212800000.0,57.42857142857144,greed
1661299200000.0,57.51428571428571,greed
1661385600000.0,58.25714285714287,greed
1661472000000.0,55.74285714285714,greed
1661731200000.0,54.285714285714285,neutral
1661817600000.0,49.800000000000004,neutral
1661904000000.0,52.08571428571429,neutral
1661990400000.0,49.371428571428574,neutral
1662076800000.0,42.457142857142856,fear
1662422400000.0,40.62857142857143,fear
1662508800000.0,39.62857142857143,fear
1662595200000.0,40.371428571428574,fear
1662681600000.0,43.8,fear
1662940800000.0,47.6,neutral
1663027200000.0,36.62857142857143,fear
1663113600000.0,41.885714285714286,fear
1663200000000.0,40.65714285714286,fear
1663286400000.0,35.285714285714285,fear
1663545600000.0,36.31428571428571,fear
1663632000000.0,36.114285714285714,fear
1663718400000.0,27.21428571428571,fear
1663804800000.0,24.48571428571429,extreme fear
1663891200000.0,21.685714285714287,extreme fear
1664150400000.0,17.62857142857143,extreme fear
1664236800000.0,16.514285714285716,extreme fear
1664323200000.0,17.02857142857143,extreme fear
1664409600000.0,13.257142857142858,extreme fear
1664496000000.0,16.45714285714286,extreme fear
1664755200000.0,20.38571428571429,extreme fear
1664841600000.0,27.88571428571429,fear
1664928000000.0,29.714285714285715,fear
1665014400000.0,23.142857142857142,extreme fear
1665100800000.0,19.67142857142857,extreme fear
1665360000000.0,19.4,extreme fear
1665446400000.0,16.885714285714283,extreme fear
1665532800000.0,15.942857142857145,extreme fear
1665619200000.0,19.37142857142857,extreme fear
1665705600000.0,16.45714285714286,extreme fear
1665964800000.0,23.400000000000002,extreme fear
1666051200000.0,28.800000000000004,fear
1666137600000.0,29.428571428571427,fear
1666224000000.0,39.08571428571429,fear
1666310400000.0,43.74285714285715,fear
1666569600000.0,47.22857142857142,neutral
1666656000000.0,51.371428571428574,neutral
1666742400000.0,53.800000000000004,neutral
1666828800000.0,54.57142857142857,neutral
1666915200000.0,57.114285714285714,greed
1667174400000.0,64.05714285714286,greed
1667260800000.0,63.51428571428572,greed
1667347200000.0,55.285714285714285,greed
1667433600000.0,55.51428571428572,greed
1667520000000.0,56.51428571428572,greed
1667779200000.0,59.65714285714286,greed
1667865600000.0,57.94285714285714,greed
1667952000000.0,54.0,neutral
1668038400000.0,60.34285714285714,greed
1668124800000.0,63.74285714285713,greed
1668384000000.0,62.68571428571429,greed
1668470400000.0,66.91428571428573,greed
1668556800000.0,65.08571428571427,greed
1668643200000.0,61.48571428571429,greed
1668729600000.0,60.34285714285715,greed
1668988800000.0,60.97142857142857,greed
1669075200000.0,60.8,greed
1669161600000.0,64.25714285714285,greed
1669334400000.0,63.08571428571429,greed
1669593600000.0,59.74285714285715,greed
1669680000000.0,58.17142857142857,greed
1669766400000.0,73.97142857142856,greed
1669852800000.0,75.60000000000001,extreme greed
1669939200000.0,68.14285714285714,greed
1670198400000.0,65.08571428571429,greed
1670284800000.0,61.828571428571436,greed
1670371200000.0,58.42857142857143,greed
1670457600000.0,55.6857142857143,greed
1670544000000.0,52.08571428571428,neutral
1670803200000.0,57.199999999999996,greed
1670889600000.0,59.17142857142858,greed
1670976000000.0,60.94285714285714,greed
1671062400000.0,60.142857142857146,greed
1671148800000.0,44.142857142857146,fear
1671408000000.0,39.971428571428575,fear
1671494400000.0,38.314285714285724,fear
1671580800000.0,38.542857142857144,fear
1671667200000.0,37.0,fear
1671753600000.0,39.51428571428572,fear
1672099200000.0,39.94285714285714,fear
1672185600000.0,35.51428571428572,fear
1672272000000.0,37.142857142857146,fear
1672358400000.0,36.51428571428571,fear
1672704000000.0,36.6,fear
1672790400000.0,39.857142857142854,fear
1672876800000.0,44.17142857142858,fear
1672963200000.0,45.714285714285715,neutral
1673222400000.0,47.2,neutral
1673308800000.0,49.65714285714286,neutral
1673395200000.0,54.228571428571435,neutral
1673481600000.0,56.68571428571429,greed
1673568000000.0,61.31428571428571,greed
1673913600000.0,64.14285714285714,greed
1674000000000.0,58.42857142857143,greed
1674086400000.0,55.42857142857144,greed
1674172800000.0,58.542857142857144,greed
1674432000000.0,63.60000000000001,greed
1674518400000.0,63.0,greed
1674604800000.0,63.88571428571429,greed
1674691200000.0,68.02857142857144,greed
1674777600000.0,69.2,greed
1675036800000.0,67.45714285714287,greed
1675123200000.0,70.34285714285716,greed
1675209600000.0,82.17142857142858,extreme greed
1675296000000.0,75.2,extreme greed
1675382400000.0,76.14285714285714,extreme greed
1675641600000.0,75.91428571428573,extreme greed
1675728000000.0,76.34285714285714,extreme greed
1675814400000.0,74.62857142857142,greed
1675900800000.0,72.62857142857143,greed
1675987200000.0,72.4857142857143,greed
1676246400000.0,71.82857142857144,greed
1676332800000.0,73.25714285714287,greed
1676419200000.0,73.65714285714284,greed
1676505600000.0,70.71428571428572,greed
1676592000000.0,69.48571428571428,greed
1676937600000.0,65.91428571428573,greed
1677024000000.0,64.17142857142859,greed
1677110400000.0,62.65714285714285,greed
1677196800000.0,60.65714285714286,greed
1677456000000.0,61.22857142857144,greed
1677542400000.0,61.2,greed
1677628800000.0,65.91428571428573,greed
1677715200000.0,52.45714285714287,neutral
1677801600000.0,55.6857142857143,greed
1678060800000.0,55.25714285714285,greed
1678147200000.0,48.51428571428571,neutral
1678233600000.0,49.82857142857143,neutral
1678320000000.0,37.542857142857144,fear
1678406400000.0,26.885714285714283,fear
1678665600000.0,23.357142857142858,extreme fear
1678752000000.0,25.085714285714285,fear
1678838400000.0,22.685714285714287,extreme fear
1678924800000.0,32.57142857142857,fear
1679011200000.0,27.000000000000004,fear
1679270400000.0,30.428571428571434,fear
1679356800000.0,43.48571428571429,fear
1679443200000.0,41.028571428571425,fear
1679529600000.0,38.34285714285715,fear
1679616000000.0,37.714285714285715,fear
1679875200000.0,40.199999999999996,fear
1679961600000.0,39.6,fear
1680048000000.0,41.457142857142856,fear
1680134400000.0,45.228571428571435,neutral
1680220800000.0,49.48571428571429,neutral
1680480000000.0,61.48571428571428,greed
1680566400000.0,50.228571428571435,neutral
1680652800000.0,52.62857142857143,neutral
1680739200000.0,55.25714285714286,greed
1681084800000.0,57.91428571428572,greed
1681171200000.0,58.48571428571428,greed
1681257600000.0,60.74285714285714,greed
1681344000000.0,63.171428571428564,greed
1681430400000.0,65.71428571428571,greed
1681689600000.0,67.08571428571429,greed
1681776000000.0,65.4857142857143,greed
1681862400000.0,67.25714285714287,greed
1681948800000.0,64.05714285714285,greed
1682035200000.0,63.51428571428572,greed
1682294400000.0,63.48571428571429,greed
1682380800000.0,57.057142857142864,greed
1682467200000.0,52.4,neutral
1682553600000.0,58.314285714285724,greed
1682640000000.0,59.42857142857143,greed
1682899200000.0,59.42857142857144,greed
1682985600000.0,55.51428571428572,greed
1683072000000.0,54.62857142857143,neutral
1683158400000.0,49.6,neutral
1683244800000.0,53.885714285714286,neutral
1683504000000.0,57.142857142857146,greed
1683590400000.0,59.57142857142857,greed
1683676800000.0,59.971428571428575,greed
1683763200000.0,59.057142857142864,greed
1683849600000.0,57.34285714285715,greed
1684108800000.0,57.25714285714286,greed
1684195200000.0,55.28571428571429,greed
1684281600000.0,60.25714285714286,greed
1684368000000.0,64.91428571428573,greed
1684454400000.0,65.45714285714287,greed
1684713600000.0,67.85714285714286,greed
1684800000000.0,65.8,greed
1684886400000.0,61.82857142857143,greed
1684972800000.0,62.6857142857143,greed
1685059200000.0,65.71428571428571,greed
1685404800000.0,66.08571428571429,greed
1685491200000.0,64.17142857142858,greed
1685577600000.0,68.05714285714286,greed
1685664000000.0,75.42857142857143,extreme greed
1685923200000.0,69.48571428571428,greed
1686009600000.0,73.51428571428572,greed
1686096000000.0,74.45714285714287,greed
1686182400000.0,75.77142857142857,extreme greed
1686268800000.0,76.97142857142856,extreme greed
1686528000000.0,78.05714285714286,extreme greed
1686614400000.0,79.62857142857145,extreme greed
1686700800000.0,79.62857142857142,extreme greed
1686787200000.0,80.88571428571429,extreme greed
1686873600000.0,81.25714285714287,extreme greed
1687219200000.0,80.11428571428571,extreme greed
1687305600000.0,80.11428571428573,extreme greed
1687392000000.0,80.05714285714285,extreme greed
1687478400000.0,75.71428571428571,extreme greed
1687737600000.0,73.45714285714287,greed
1687824000000.0,75.48571428571428,extreme greed
1687910400000.0,76.51428571428573,extreme greed
1687996800000.0,79.20000000000002,extreme greed
1688083200000.0,79.4857142857143,extreme greed
1688342400000.0,82.22857142857143,extreme greed
1688515200000.0,79.25714285714287,extreme greed
1688601600000.0,77.91428571428573,extreme greed
1688688000000.0,77.68571428571428,extreme greed
1688947200000.0,76.6857142857143,extreme greed
1689033600000.0,78.28571428571429,extreme greed
1689120000000.0,78.17142857142858,extreme greed
1689206400000.0,79.39999999999999,extreme greed
1689292800000.0,79.8,extreme greed
1689552000000.0,80.02857142857142,extreme greed
1689638400000.0,81.68571428571428,extreme greed
1689724800000.0,82.34285714285716,extreme greed
1689811200000.0,80.85714285714286,extreme greed
1689897600000.0,81.02857142857144,extreme greed
1690156800000.0,82.51428571428572,extreme greed
1690243200000.0,81.22857142857143,extreme greed
1690329600000.0,80.60000000000001,extreme greed
1690416000000.0,77.65714285714286,extreme greed
1690502400000.0,76.91428571428573,extreme greed
1690761600000.0,77.62857142857142,extreme greed
1690848000000.0,77.34285714285716,extreme greed
1690934400000.0,77.34285714285714,extreme greed
1691020800000.0,73.62857142857145,greed
1691107200000.0,64.5,greed
1691366400000.0,72.05714285714285,greed
1691452800000.0,69.2,greed
1691539200000.0,67.31428571428572,greed
1691625600000.0,66.34285714285714,greed
1691712000000.0,65.02857142857144,greed
1691971200000.0,66.28571428571429,greed
1692057600000.0,54.5,neutral
1692144000000.0,49.48571428571428,neutral
1692230400000.0,46.142857142857146,neutral
1692316800000.0,43.65714285714286,fear
1692576000000.0,43.48571428571429,fear
1692662400000.0,43.44285714285714,fear
1692748800000.0,50.17142857142857,neutral
1692835200000.0,40.58571428571429,fear
1692921600000.0,47.02857142857143,neutral
1693180800000.0,45.285714285714285,neutral
1693267200000.0,49.17142857142857,neutral
1693353600000.0,50.42857142857143,neutral
1693440000000.0,52.94285714285714,neutral
1693526400000.0,55.028571428571425,greed
1693872000000.0,59.08571428571428,greed
1693958400000.0,56.714285714285715,greed
1694044800000.0,53.62857142857143,neutral
1694131200000.0,51.91428571428571,neutral
1694390400000.0,52.199999999999996,neutral
1694476800000.0,51.40000000000001,neutral
1694563200000.0,51.40000000000001,neutral
1694649600000.0,54.42857142857144,neutral
1694736000000.0,52.02857142857143,neutral
1694995200000.0,49.48571428571429,neutral
1695081600000.0,49.94285714285714,neutral
1695168000000.0,48.285714285714285,neutral
1695254400000.0,37.15714285714286,fear
1695340800000.0,33.15714285714286,fear
1695600000000.0,38.42857142857143,fear
1695686400000.0,24.22857142857143,extreme fear
1695772800000.0,22.82857142857143,extreme fear
1695859200000.0,29.0,fear
1695945600000.0,28.400000000000002,fear
1696204800000.0,28.314285714285713,fear
1696291200000.0,20.528571428571432,extreme fear
1696377600000.0,20.985714285714288,extreme fear
1696464000000.0,20.32857142857143,extreme fear
1696550400000.0,27.714285714285715,fear
1696809600000.0,29.25714285714286,fear
1696896000000.0,32.31428571428572,fear
1696982400000.0,34.34285714285714,fear
1697068800000.0,35.68571428571429,fear
1697155200000.0,26.271428571428572,fear
1697414400000.0,35.74285714285715,fear
1697500800000.0,39.142857142857146,fear
1697587200000.0,30.571428571428573,fear
1697673600000.0,29.542857142857144,fear
1697760000000.0,22.85714285714286,extreme fear
1698019200000.0,25.842857142857145,fear
1698105600000.0,33.48571428571429,fear
1698192000000.0,25.214285714285715,fear
1698278400000.0,22.71428571428572,extreme fear
1698364800000.0,21.614285714285717,extreme fear
1698624000000.0,29.2,fear
1698710400000.0,30.142857142857142,fear
1698796800000.0,32.17142857142857,fear
1698883200000.0,37.68571428571429,fear
1698969600000.0,36.114285714285714,fear
1699228800000.0,38.91428571428572,fear
1699315200000.0,39.628571428571426,fear
1699401600000.0,39.771428571428565,fear
1699488000000.0,41.0,fear
1699574400000.0,41.45714285714286,fear
1699833600000.0,39.88571428571429,fear
1699920000000.0,46.6,neutral
1700006400000.0,52.542857142857144,neutral
1700092800000.0,55.057142857142864,greed
1700179200000.0,58.85714285714287,greed
1700438400000.0,61.28571428571429,greed
1700524800000.0,61.17142857142858,greed
1700611200000.0,65.05714285714286,greed
1700784000000.0,66.85714285714286,greed
1701043200000.0,65.31428571428572,greed
1701129600000.0,65.08571428571429,greed
1701216000000.0,63.28571428571429,greed
1701302400000.0,64.37142857142858,greed
1701388800000.0,64.51428571428572,greed
1701648000000.0,63.714285714285715,greed
1701734400000.0,65.14285714285714,greed
1701820800000.0,63.97142857142857,greed
1701907200000.0,66.14285714285715,greed
1701993600000.0,65.94285714285715,greed
1702252800000.0,67.28571428571429,greed
1702339200000.0,67.88571428571429,greed
1702425600000.0,67.54285714285714,greed
1702512000000.0,70.54285714285716,greed
1702598400000.0,69.45714285714287,greed
1702857600000.0,70.48571428571428,greed
1702944000000.0,82.97142857142858,extreme greed
1703030400000.0,75.57142857142857,extreme greed
1703116800000.0,77.0,extreme greed
1703203200000.0,79.74285714285715,extreme greed
1703548800000.0,81.94285714285716,extreme greed
1703635200000.0,81.17142857142858,extreme greed
1703721600000.0,81.25714285714287,extreme greed
1703808000000.0,80.71428571428571,extreme greed
1704153600000.0,79.71428571428571,extreme greed
1704240000000.0,76.71428571428571,extreme greed
1704326400000.0,78.68571428571428,extreme greed
1704412800000.0,75.77142857142859,extreme greed
1704672000000.0,76.17142857142856,extreme greed
1704758400000.0,75.68571428571428,extreme greed
1704844800000.0,76.37142857142858,extreme greed
1704931200000.0,74.65714285714286,greed
1705017600000.0,73.08571428571429,greed
1705363200000.0,72.28571428571429,greed
1705449600000.0,57.21428571428572,greed
1705536000000.0,66.45714285714286,greed
1705622400000.0,72.82857142857144,greed
1705881600000.0,72.85714285714286,greed
1705968000000.0,70.25714285714287,greed
1706054400000.0,72.48571428571428,greed
1706140800000.0,73.22857142857143,greed
1706227200000.0,73.79999999999998,greed
1706486400000.0,74.11428571428573,greed
1706572800000.0,74.22857142857143,greed
1706659200000.0,64.11428571428573,greed
1706745600000.0,72.34285714285714,greed
1706832000000.0,74.60000000000001,greed
1707091200000.0,73.31428571428572,greed
1707177600000.0,73.20000000000002,greed
1707264000000.0,73.77142857142857,greed
1707350400000.0,74.60000000000001,greed
1707436800000.0,75.42857142857143,extreme greed
1707696000000.0,75.82857142857144,extreme greed
1707782400000.0,66.74285714285715,greed
1707868800000.0,67.51428571428572,greed
1707955200000.0,73.85714285714286,greed
1708041600000.0,73.48571428571428,greed
1708387200000.0,63.74285714285715,greed
1708473600000.0,63.7,greed
1708560000000.0,73.94285714285715,greed
1708646400000.0,73.34285714285714,greed
1708905600000.0,71.91428571428573,greed
1708992000000.0,75.77142857142859,extreme greed
1709078400000.0,76.77142857142859,extreme greed
1709164800000.0,77.45714285714287,extreme greed
1709251200000.0,76.82857142857142,extreme greed
1709510400000.0,79.22857142857143,extreme greed
1709596800000.0,76.11428571428571,extreme greed
1709683200000.0,72.54285714285714,greed
1709769600000.0,73.85714285714286,greed
1709856000000.0,70.02857142857144,greed
1710115200000.0,62.771428571428565,greed
1710201600000.0,72.2,greed
1710288000000.0,71.77142857142857,greed
1710374400000.0,70.4,greed
1710460800000.0,68.62857142857143,greed
1710720000000.0,70.74285714285715,greed
1710806400000.0,70.85714285714286,greed
1710892800000.0,69.62857142857145,greed
1710979200000.0,71.37142857142858,greed
1711065600000.0,69.51428571428572,greed
1711324800000.0,67.42857142857143,greed
1711411200000.0,67.91428571428573,greed
1711497600000.0,69.77142857142859,greed
1711584000000.0,68.77142857142857,greed
1711929600000.0,71.25714285714287,greed
1712016000000.0,71.14285714285715,greed
1712102400000.0,69.4,greed
1712188800000.0,53.800000000000004,neutral
1712275200000.0,58.10000000000001,greed
1712534400000.0,64.02857142857144,greed
1712620800000.0,59.62857142857144,greed
1712707200000.0,49.67142857142858,neutral
1712793600000.0,56.65714285714286,greed
1712880000000.0,45.01428571428572,neutral
1713139200000.0,38.4,fear
1713225600000.0,35.11428571428572,fear
1713312000000.0,31.157142857142862,fear
1713398400000.0,30.400000000000006,fear
1713484800000.0,27.671428571428574,fear
1713744000000.0,34.17142857142857,fear
1713830400000.0,36.57142857142857,fear
1713916800000.0,37.48571428571429,fear
1714003200000.0,39.08571428571429,fear
1714089600000.0,40.51428571428572,fear
1714348800000.0,42.42857142857143,fear
1714435200000.0,40.542857142857144,fear
1714521600000.0,40.51428571428572,fear
1714608000000.0,42.228571428571435,fear
1714694400000.0,43.25714285714286,fear
1714953600000.0,39.0,fear
1715040000000.0,37.17142857142858,fear
1715126400000.0,38.17142857142857,fear
1715212800000.0,42.228571428571435,fear
1715299200000.0,46.028571428571425,neutral
1715558400000.0,48.114285714285714,neutral
1715644800000.0,55.285714285714285,greed
1715731200000.0,59.371428571428574,greed
1715817600000.0,62.314285714285724,greed
1715904000000.0,62.800000000000004,greed
1716163200000.0,60.42857142857143,greed
1716249600000.0,59.42857142857143,greed
1716336000000.0,58.51428571428572,greed
1716422400000.0,52.37142857142857,neutral
1716508800000.0,51.74285714285714,neutral
1716854400000.0,54.685714285714276,neutral
1716940800000.0,49.971428571428575,neutral
1717027200000.0,45.08571428571429,neutral
1717113600000.0,48.42857142857144,neutral
1717372800000.0,45.48571428571429,neutral
1717459200000.0,47.628571428571426,neutral
1717545600000.0,51.142857142857146,neutral
1717632000000.0,45.31428571428571,neutral
1717718400000.0,43.4,fear
1717977600000.0,44.74285714285715,fear
1718064000000.0,44.4,fear
1718150400000.0,46.57142857142857,neutral
1718236800000.0,44.57142857142858,fear
1718323200000.0,41.11428571428572,fear
1718582400000.0,43.285714285714285,fear
1718668800000.0,41.28571428571429,fear
1718841600000.0,38.714285714285715,fear
1718928000000.0,39.05714285714286,fear
1719187200000.0,37.77142857142858,fear
1719273600000.0,37.285714285714285,fear
1719360000000.0,40.88571428571429,fear
1719446400000.0,45.51428571428571,neutral
1719532800000.0,44.31428571428571,fear
1719792000000.0,47.94285714285714,neutral
1719878400000.0,49.74285714285714,neutral
1719964800000.0,48.371428571428574,neutral
1720137600000.0,49.714285714285715,neutral
1720396800000.0,51.057142857142864,neutral
1720483200000.0,50.57142857142856,neutral
1720569600000.0,54.60000000000001,neutral
1720656000000.0,49.4,neutral
1720742400000.0,54.371428571428574,neutral
1721001600000.0,57.74285714285715,greed
1721088000000.0,57.02857142857143,greed
1721174400000.0,46.114285714285714,neutral
1721260800000.0,45.94285714285714,neutral
1721347200000.0,43.0,fear
1721606400000.0,48.42857142857144,neutral
1721692800000.0,46.857142857142854,neutral
1721779200000.0,38.614285714285714,fear
1721865600000.0,39.07142857142857,fear
1721952000000.0,42.542857142857144,fear
1722211200000.0,42.07142857142857,fear
1722297600000.0,40.800000000000004,fear
1722384000000.0,46.885714285714286,neutral
1722470400000.0,42.68571428571429,fear
1722556800000.0,41.385714285714286,fear
1722816000000.0,33.05714285714286,fear
1722902400000.0,19.014285714285712,extreme fear
1722988800000.0,16.557142857142857,extreme fear
1723075200000.0,17.65714285714286,extreme fear
1723161600000.0,24.085714285714285,extreme fear
1723420800000.0,23.8,extreme fear
1723507200000.0,25.514285714285712,fear
1723593600000.0,26.428571428571434,fear
1723680000000.0,32.37142857142857,fear
1723766400000.0,33.74285714285715,fear
1724025600000.0,39.88571428571429,fear
1724112000000.0,44.68571428571429,fear
1724198400000.0,50.228571428571435,neutral
1724284800000.0,46.77142857142858,neutral
1724371200000.0,51.57142857142857,neutral
1724630400000.0,52.94285714285714,neutral
1724716800000.0,52.28571428571429,neutral
1724803200000.0,51.08571428571429,neutral
1724889600000.0,56.057142857142864,greed
1724976000000.0,60.314285714285724,greed
1725321600000.0,56.34285714285714,greed
1725408000000.0,56.62857142857143,greed
1725494400000.0,50.62857142857143,neutral
1725580800000.0,39.34285714285715,fear
1725840000000.0,41.971428571428575,fear
1725926400000.0,39.6857142857143,fear
1726012800000.0,43.08571428571429,fear
1726099200000.0,42.97142857142857,fear
1726185600000.0,48.62857142857143,neutral
1726444800000.0,50.31428571428571,neutral
1726531200000.0,54.62857142857143,neutral
1726617600000.0,55.17142857142858,greed
1726704000000.0,63.80000000000001,greed
1726790400000.0,61.2,greed
1727049600000.0,63.85714285714287,greed
1727136000000.0,66.42857142857143,greed
1727222400000.0,65.74285714285715,greed
1727308800000.0,70.74285714285713,greed
1727395200000.0,67.31428571428572,greed
1727654400000.0,73.6857142857143,greed
1727740800000.0,70.31428571428572,greed
1727827200000.0,70.57142857142857,greed
1727913600000.0,69.42857142857143,greed
1728000000000.0,71.4,greed
1728259200000.0,70.82857142857144,greed
1728345600000.0,71.17142857142856,greed
1728432000000.0,71.14285714285715,greed
1728518400000.0,70.28571428571429,greed
1728604800000.0,71.65714285714286,greed
1728864000000.0,74.22857142857143,greed
1728950400000.0,71.14285714285715,greed
1729036800000.0,69.02857142857142,greed
1729123200000.0,68.57142857142857,greed
1729209600000.0,72.42857142857143,greed
1729468800000.0,69.8,greed
1729555200000.0,70.37142857142858,greed
1729641600000.0,63.199999999999996,greed
1729728000000.0,62.94285714285714,greed
1729814400000.0,58.74285714285715,greed
1730073600000.0,60.85714285714287,greed
1730160000000.0,60.057142857142864,greed
1730246400000.0,57.2,greed
1730332800000.0,40.45714285714286,fear
1730419200000.0,50.48571428571429,neutral
1730678400000.0,42.42857142857143,fear
1730764800000.0,43.54285714285715,fear
1730851200000.0,44.0,fear
1730937600000.0,59.05714285714286,greed
1731024000000.0,59.42857142857144,greed
1731283200000.0,66.6,greed
1731369600000.0,66.71428571428571,greed
1731456000000.0,66.31428571428572,greed
1731542400000.0,60.314285714285724,greed
1731628800000.0,51.199999999999996,neutral
1731888000000.0,50.285714285714285,neutral
1731974400000.0,49.51428571428572,neutral
1732060800000.0,49.51428571428572,neutral
1732147200000.0,56.60000000000001,greed
1732233600000.0,60.71428571428572,greed
1732492800000.0,62.88571428571429,greed
1732579200000.0,65.91428571428573,greed
1732665600000.0,64.4,greed
1732838400000.0,65.0,greed
1733097600000.0,65.31428571428572,greed
1733184000000.0,59.57142857142858,greed
1733270400000.0,57.48571428571429,greed
1733356800000.0,54.91428571428572,neutral
1733443200000.0,52.142857142857146,neutral
1733702400000.0,49.25714285714287,neutral
1733788800000.0,46.971428571428575,neutral
1733875200000.0,49.2,neutral
1733961600000.0,47.114285714285714,neutral
1734048000000.0,49.114285714285714,neutral
1734307200000.0,56.057142857142864,greed
1734393600000.0,51.4,neutral
1734480000000.0,33.12857142857143,fear
1734566400000.0,19.514285714285716,extreme fear
1734652800000.0,27.600000000000005,fear
1734912000000.0,30.142857142857146,fear
1734998400000.0,34.51428571428571,fear
1735171200000.0,34.17142857142857,fear
1735257600000.0,33.82857142857143,fear
1735516800000.0,28.6,fear
1735603200000.0,26.314285714285713,fear
1735776000000.0,24.314285714285717,extreme fear
1735862400000.0,28.885714285714283,fear
1736121600000.0,33.77142857142857,fear
1736208000000.0,34.31428571428572,fear
1736294400000.0,31.914285714285718,fear
1736467200000.0,25.62857142857143,fear
1736726400000.0,25.34285714285715,fear
1736812800000.0,25.142857142857142,fear
1736899200000.0,27.428571428571427,fear
1736985600000.0,27.342857142857145,fear
1737072000000.0,36.02857142857143,fear
1737417600000.0,39.91428571428572,fear
1737504000000.0,41.62857142857143,fear
1737590400000.0,43.68571428571429,fear
1737676800000.0,45.800000000000004,neutral
1737936000000.0,37.971428571428575,fear
1738022400000.0,40.62857142857143,fear
1738108800000.0,42.4,fear
1738195200000.0,45.91428571428571,neutral
1738281600000.0,43.771428571428565,fear
1738540800000.0,37.4,fear
1738627200000.0,37.142857142857146,fear
1738713600000.0,38.62857142857143,fear
1738800000000.0,39.68571428571429,fear
1738886400000.0,38.371428571428574,fear
1739145600000.0,44.714285714285715,fear
1739232000000.0,45.4,neutral
1739318400000.0,41.371428571428574,fear
1739404800000.0,46.60000000000001,neutral
1739491200000.0,43.68571428571429,fear
1739836800000.0,46.800000000000004,neutral
1739923200000.0,47.628571428571426,neutral
1740009600000.0,44.228571428571435,fear
1740096000000.0,36.971428571428575,fear
1740355200000.0,29.542857142857144,fear
1740441600000.0,24.199999999999996,extreme fear
1740528000000.0,21.25714285714286,extreme fear
1740614400000.0,12.757142857142858,extreme fear
1740700800000.0,20.657142857142855,extreme fear
1740960000000.0,12.342857142857143,extreme fear
1741046400000.0,11.042857142857143,extreme fear
1741132800000.0,11.514285714285714,extreme fear
1741219200000.0,17.2,extreme fear
1741305600000.0,17.642857142857146,extreme fear
1741564800000.0,17.071428571428573,extreme fear
1741651200000.0,15.114285714285716,extreme fear
1741737600000.0,15.914285714285715,extreme fear
1741824000000.0,15.185714285714287,extreme fear
1741910400000.0,22.057142857142857,extreme fear
1742169600000.0,22.571428571428573,extreme fear
1742256000000.0,22.228571428571428,extreme fear
1742342400000.0,24.4285714285714,extreme fear
1742428800000.0,24.0,extreme fear
1742515200000.0,25.0285714285714,fear
1742774400000.0,29.7714285714286,fear
1742860800000.0,30.4571428571429,fear
1742947200000.0,27.8,fear
1743033600000.0,28.5428571428571,fear
1743120000000.0,21.7428571428571,extreme fear
1743379200000.0,19.2857142857143,extreme fear
1743465600000.0,15.6285714285714,extreme fear
1743552000000.0,18.6408163265306,extreme fear
1743638400000.0,6.04346076458752,extreme fear
1743724800000.0,3.9984126984127,extreme fear
1743984000000.0,4.5334637964775,extreme fear
1744070400000.0,3.38610038610039,extreme fear
1744156800000.0,12.2666666666667,extreme fear
1744243200000.0,8.30751879699248,extreme fear
1744329600000.0,19.3643784786642,extreme fear
1744588800000.0,19.5882783882784,extreme fear
1744675200000.0,18.2144665461121,extreme fear
1744761600000.0,14.4428571428571,extreme fear
1744848000000.0,20.3571428571429,extreme fear
1744934400000.0,19.4714285714286,extreme fear
1745193600000.0,21.6447971781305,extreme fear
1745280000000.0,26.2,fear
1745366400000.0,28.4285714285714,fear
1745452800000.0,36.8571428571429,fear
1745539200000.0,35.3714285714286,fear
1745798400000.0,36.3142857142857,fear
1745884800000.0,35.7714285714286,fear
1745971200000.0,42.6857142857143,fear
1746057600000.0,41.4857142857143,fear
1746144000000.0,54.4285714285714,neutral
1746403200000.0,58.2571428571429,greed
1746489600000.0,55.0285714285714,greed
1746576000000.0,59.2285714285714,greed
1746662400000.0,61.4857142857143,greed
1746748800000.0,62.9714285714286,greed
1747008000000.0,66.4857142857143,greed
1747094400000.0,69.0,greed
1747180800000.0,70.4285714285714,greed
1747267200000.0,69.1714285714286,greed
1747353600000.0,70.4,greed
1747612800000.0,69.4,greed
1747699200000.0,68.7428571428571,greed
1747785600000.0,65.6857142857143,greed
1747872000000.0,65.6,greed
1747958400000.0,63.8857142857143,greed
1748304000000.0,65.3142857142857,greed
1748390400000.0,63.8571428571429,greed
1748476800000.0,62.4,greed
1748563200000.0,61.6,greed
1748822400000.0,54.3142857142857,neutral
1748908800000.0,56.1142857142857,greed
1748995200000.0,54.3142857142857,neutral
1749081599000.0,54.3142857142857,neutral
